{
  "val_l2_mean": 0.032556619774532926,
  "val_l2_std": 0.019227308581249394,
  "val_chamfer_mean": 0.02799934481724503,
  "val_chamfer_std": 0.015543990393587693
}